sensor_id,sensor_description,sensor_name,installation_date,status,note,direction_1,direction_2,latitude,longitude,location
57,Bourke St Bridge,BouBri_T,2018/08/13,A,,East,West,-37.81766034,144.95026189,"(-37.81766034, 144.95026189)"
32,City Square,CSq_T,2013/12/20,R,Device has been removed (24/01/2017),,,-37.81572426,144.96686315,"(-37.81572426, 144.96686315)"
68,Flinders Ln -Degraves St (North),FLDegN_T,2020/06/03,A,,East,West,-37.81683473,144.96560387,"(-37.81683473, 144.96560387)"
40,Lonsdale St-Spring St (West),Spr201_T,2015/01/19,A,,South,North,-37.80998025,144.97228184,"(-37.80998025, 144.97228184)"
1,Bourke Street Mall (North),Bou292_T,2009/03/24,A,,East,West,-37.81348124,144.96515921,"(-37.81348124, 144.96515921)"
43,Monash Rd-Swanston St (West),UM2_T,2015/04/15,A,,South,North,-37.79843209,144.96412376,"(-37.79843209, 144.96412376)"
47,Melbourne Central-Elizabeth St (East),Eli250_T,2017/08/24,A,,South,North,-37.81159015,144.96220674,"(-37.81159015, 144.96220674)"
65,Swanston St - City Square,SwaCs_T,2020/03/12,A,,South,North,-37.815681,144.96681238,"(-37.815681, 144.96681238)"
17,Collins Place (South),Col15_T,2009/03/30,A,Device is upgraded in 26/02/2020,East,West,-37.81361226,144.97324187,"(-37.81361226, 144.97324187)"
23,Spencer St-Collins St (South),Col623_T,2013/09/02,A,,East,West,-37.8190794,144.95453344,"(-37.8190794, 144.95453344)"
63,231 Bourke St,Bou231_T,2020/01/07,A,,East,West,-37.81331765,144.96676169,"(-37.81331765, 144.96676169)"
51,QVM-Franklin St (North),Fra118_T,2017/11/30,A,,East,West,-37.80840498,144.95906913,"(-37.80840498, 144.95906913)"
7,Birrarung Marr,Fed_T,2014/12/17,A,,East,West,-37.81861613,144.97169992,"(-37.81861613, 144.97169992)"
67,Flinders Ln -Degraves St (South),FLDegS_T,2020/06/03,A,,East,West,-37.81687439,144.96563168,"(-37.81687439, 144.96563168)"
28,The Arts Centre,VAC_T,2013/08/23,A,,South,North,-37.82128608,144.96879906,"(-37.82128608, 144.96879906)"
3,Melbourne Central,Swa295_T,2009/03/25,A,,South,North,-37.81100207,144.96430082,"(-37.81100207, 144.96430082)"
6,Flinders Street Station Underpass,FliS_T,2009/03/25,A,Upgraded on 8/09/21,South,North,-37.81910389,144.96558853,"(-37.81910389, 144.96558853)"
59,Building 80 RMIT,RMIT_T,2019/02/13,A,,South,North,-37.80824332,144.96305455,"(-37.80824332, 144.96305455)"
54,Lincoln-Swanston (West),Swa607_T,2018/06/26,A,,South,North,-37.80401084,144.96308995,"(-37.80401084, 144.96308995)"
80,Boyd Commuinty - Rear door,BoCoR_T,2021/03/30,A,,,,-37.82544354,144.96131803,"(-37.82544354, 144.96131803)"
48,QVM-Queen St (East),QVMQ_T,2017/10/02,A,,East,West,-37.80630265,144.95867294,"(-37.80630265, 144.95867294)"
20,Chinatown-Lt Bourke St (South),LtB170_T,2013/09/06,A,,East,West,-37.81171597,144.96825257,"(-37.81171597, 144.96825257)"
30,Lonsdale St (South),Lon189_T,2013/10/14,A,,East,West,-37.81120533,144.96657403,"(-37.81120533, 144.96657403)"
14,Sandridge Bridge,SanBri_T,2009/03/24,R,Sensor relocated to sensor ID 25 on 2/10/2019,South,North,-37.82009926,144.96292494,"(-37.82009926, 144.96292494)"
5,Princes Bridge,PriNW_T,2009/03/26,A,,South,North,-37.81872933,144.96788253,"(-37.81872933, 144.96788253)"
82,Pop-up Lib Elizabeth St Left entry,PoEliL_T,2021/11/05,A,,,,-37.80678695,144.96002331,"(-37.80678695, 144.96002331)"
8,Webb Bridge,WebBN_T,2009/03/24,A,,South,North,-37.82292227,144.94718105,"(-37.82292227, 144.94718105)"
25,Melbourne Convention Exhibition Centre,MCEC_T,2013/08/28,R,,East,West,-37.8240046,144.95605022,"(-37.8240046, 144.95605022)"
58,Bourke St - Spencer St (North),Bou688_T,2018/09/27,A,,East,West,-37.81684758,144.9535867,"(-37.81684758, 144.9535867)"
13,Flagstaff Station,Wil277_T,2009/03/24,R,,,,-37.81238363,144.95653249,"(-37.81238363, 144.95653249)"
36,Queen St (West),Que85_T,2015/01/20,A,,South,North,-37.81651211,144.96121659,"(-37.81651211, 144.96121659)"
22,Flinders St-Elizabeth St (East),Eli274_T,2013/08/12,R,,South,North,-37.81785129,144.9650742,"(-37.81785129, 144.9650742)"
12,New Quay,NewQ_T,2009/01/21,A,,East,West,-37.81456671,144.94292994,"(-37.81456671, 144.94292994)"
39,Alfred Place,AlfPl_T,2019/12/04,A,In 4/12/2019 sensor upgraded,South,North,-37.81378433,144.96996342,"(-37.81378433, 144.96996342)"
44,Tin Alley-Swanston St (West),UM3_T,2015/04/15,A,,South,North,-37.79689157,144.96440972,"(-37.79689157, 144.96440972)"
26,QV Market-Elizabeth St (West),Eli483_T,2013/09/28,A,,South,North,-37.80868226,144.9605,"(-37.80868226, 144.9605)"
18,Collins Place (North),Col12_T,2009/03/30,A,,East,West,-37.81343545,144.9730595,"(-37.81343545, 144.9730595)"
21,Bourke St-Russell St (West),Rus180_T,2013/09/02,A,,South,North,-37.81243387,144.96779354,"(-37.81243387, 144.96779354)"
37,Lygon St (East),Lyg260_T,2015/02/11,A,,South,North,-37.80308955,144.96672047,"(-37.80308955, 144.96672047)"
4,Town Hall (West),Swa123_T,2009/03/23,A,,South,North,-37.81486672,144.96609378,"(-37.81486672, 144.96609378)"
53,Collins Street (North),Col254_T,2015/09/23,A,,East,West,-37.81562874,144.96550498,"(-37.81562874, 144.96550498)"
33,Flinders St-Spring St (West),Spr13_T,2014/04/23,R,,South,North,-37.81481936,144.97454651,"(-37.81481936, 144.97454651)"
31,Lygon St (West),Lyg161_T,2013/10/10,A,,South,North,-37.80168364,144.96659506,"(-37.80168364, 144.96659506)"
66,State Library - New,QVN_T,2020/04/06,A,,South,North,-37.81056529,144.96444891,"(-37.81056529, 144.96444891)"
42,Grattan St-Swanston St (West),UM1_T,2015/04/15,A,,South,North,-37.80007249,144.96387007,"(-37.80007249, 144.96387007)"
56,Lonsdale St - Elizabeth St (North),Lon364_T,2018/07/25,A,,East,West,-37.81233459,144.96153908,"(-37.81233459, 144.96153908)"
50,Faraday St-Lygon St (West),Lyg309_T,2017/11/30,A,,South,North,-37.79806875,144.96721608,"(-37.79806875, 144.96721608)"
83,Pop-up Lib Elizabeth St Right entry,PoEliR_T,2021/11/05,A,,,,-37.80680503,144.96002172,"(-37.80680503, 144.96002172)"
49,QVM-Therry St (South),Eli501_T,2017/11/29,A,,East,West,-37.80728751,144.95956651,"(-37.80728751, 144.95956651)"
16,Australia on Collins,Col270_T,2009/03/30,R,Device moved to location ID 53 (22/09/2015),,,-37.81572107,144.96521642,"(-37.81572107, 144.96521642)"
19,Chinatown-Swanston St (North),LtB210_T,2013/09/02,A,,East,West,-37.81235886,144.96551268,"(-37.81235886, 144.96551268)"
38,Flinders St-Swanston St (West),Swa11_T,2014/12/05,R,Device has been removed (17/02/2017),,,-37.81722121,144.9671563,"(-37.81722121, 144.9671563)"
34,Flinders St-Spark La,Fli32_T,2014/06/08,R,,East,West,-37.81536669,144.97415645,"(-37.81536669, 144.97415645)"
35,Southbank,SouthB_T,2021/04/15,A,Southbank -Building side,East,West,-37.82016512,144.96509475,"(-37.82016512, 144.96509475)"
62,La Trobe St (North),Lat224_T,2019/09/25,A,,East,West,-37.80995178,144.96217118,"(-37.80995178, 144.96217118)"
9,Southern Cross Station,Col700_T,2009/03/23,A,,East,West,-37.81981676,144.9510315,"(-37.81981676, 144.9510315)"
81,Boyd Commuinty - Front door,BoCoF_T,2021/03/30,A,,,,-37.82577821,144.9608494,"(-37.82577821, 144.9608494)"
41,Flinders La-Swanston St (West),Swa31,2017/06/29,A,,South,North,-37.81667317,144.96690331,"(-37.81667317, 144.96690331)"
10,Victoria Point,BouHbr_T,2009/04/23,A,,East,West,-37.81875157,144.9471114,"(-37.81875157, 144.9471114)"
64,Royal Pde - Grattan St,Grat292_T,2020/01/16,A,,South,North,-37.79948228,144.95792878,"(-37.79948228, 144.95792878)"
60,Flinders La - Swanston St (West) Temporary,Swa31T_T,2019/03/08,R,Temporary for the duration of the metro tunnel works. Installed under the scaffolding.,South,North,-37.81666873,144.96690138,"(-37.81666873, 144.96690138)"
24,Spencer St-Collins St (North),Col620_T,2013/09/02,A,,East,West,-37.81886646,144.95449793,"(-37.81886646, 144.95449793)"
46,Pelham St (South),Pel147_T,2017/07/10,A,,East,West,-37.80239403,144.96157326,"(-37.80239403, 144.96157326)"
27,QV Market-Peel St,Vic_T,2013/08/16,A,,East,West,-37.80605572,144.95645289,"(-37.80605572, 144.95645289)"
69,Flinders Ln -Degraves St (Crossing),FLDegC_T,2020/06/03,A,,South,North,-37.81685909,144.96559742,"(-37.81685909, 144.96559742)"
15,State Library,QV_T,2009/03/25,R,,South,North,-37.81063062,144.96447729,"(-37.81063062, 144.96447729)"
2,Bourke Street Mall (South),Bou283_T,2009/03/30,A,,East,West,-37.81379351,144.96517316,"(-37.81379351, 144.96517316)"
45,Little Collins St-Swanston St (East),Swa148_T,2017/06/29,A,,South,North,-37.81412758,144.96609977,"(-37.81412758, 144.96609977)"
29,St Kilda Rd-Alexandra Gardens,AG_T,2013/10/11,A,sensor upgraded from laser to 3D on 19/12/2019,South,North,-37.81964493,144.9686405,"(-37.81964493, 144.9686405)"
61,RMIT Building 14,RMIT14_T,2019/06/28,A,,South,North,-37.80766138,144.96309711,"(-37.80766138, 144.96309711)"
11,Waterfront City,WatCit_T,2009/01/20,A,,East,West,-37.81563673,144.93971291,"(-37.81563673, 144.93971291)"
55,Elizabeth St-La Trobe St (East),Eli380_T,2018/07/19,I,,South,North,-37.80987625,144.96134928,"(-37.80987625, 144.96134928)"
52,Elizabeth St-Lonsdale St (South),Eli263_T,2017/07/31,I,,East,West,-37.81250841,144.96194607,"(-37.81250841, 144.96194607)"
84,Elizabeth St - Flinders St (East) - New footpath,ElFi_T,2021/12/03,A,,South,North,-37.81796733,144.96503981,"(-37.81796733, 144.96503981)"
76,Macaulay Rd- Bellair St,KenMac_T,2021/02/20,A,,East,West,-37.79452486,144.93036793,"(-37.79452486, 144.93036793)"
86,Queensberry St - Errol St (South),574Qub_T,2021/12/21,A,,East,West,-37.80308676,144.94908661,"(-37.80308676, 144.94908661)"
73,Bourke St - Spencer St (South),Bou655_T,2020/10/02,A,,East,West,-37.81694368,144.95415968,"(-37.81694368, 144.95415968)"
78,Harbour Esplanade (West) - Bike Path,HarEsB_T,2021/03/30,A,,South,North,-37.81470326,144.94465676,"(-37.81470326, 144.94465676)"
77,Harbour Esplanade (West) - Pedestrian path,HarEsP_T,2021/03/25,A,,South,North,-37.81440122,144.94433622,"(-37.81440122, 144.94433622)"
71,Westwood Place,WestWP_T,2020/10/16,A,,South,North,-37.81234459,144.97137558,"(-37.81234459, 144.97137558)"
70,Errol Street (East),Errol20_T,2020/10/12,A,,South,North,-37.80455668,144.94946825,"(-37.80455668, 144.94946825)"
75,Spring St- Flinders st (West),SprFli_T,2020/12/18,A,,South,North,-37.81513959,144.97468257,"(-37.81513959, 144.97468257)"
87,23 Errol St,Errol23_T,2022/05/20,A,,South,North,-37.80453633,144.9492246,"(-37.80453633, 144.9492246)"
72,Flinders St- ACMI,ACMI_T,2020/11/30,A,,East,West,-37.81725021,144.96873406,"(-37.81725021, 144.96873406)"
79,Flinders St (South),FliSS_T,2021/09/10,A,,East,West,-37.8179273,144.96617276,"(-37.8179273, 144.96617276)"
85,Macaulay Rd (North),488Mac_T,2021/12/21,A,,East,West,-37.79431098,144.92973978,"(-37.79431098, 144.92973978)"
